1,2025-08-17 17:26:45.225685,24
2,2025-07-29 00:03:26.997688,42
3,2025-07-05 11:35:22.086453,96
4,2025-06-03 00:37:21.115373,58
5,2025-01-31 21:46:05.915900,6
6,2025-01-24 11:21:04.236616,65
7,2025-02-21 01:00:27.886327,39
8,2025-03-28 13:40:03.687157,46
9,2025-04-06 00:38:41.757754,90
10,2024-11-01 17:11:41.373818,44
11,2025-08-06 17:15:36.556598,20
12,2024-11-23 05:37:43.481456,36
13,2024-11-02 13:18:18.473652,25
14,2025-06-10 05:28:20.500482,12
15,2024-09-15 17:42:33.223630,53
16,2025-02-12 01:02:43.048322,38
17,2025-03-11 04:24:02.100360,5
18,2025-08-03 16:31:00.536500,3
19,2025-05-08 00:53:51.442171,84
20,2024-10-17 13:11:10.750280,27
21,2025-07-11 22:56:37.465822,93
22,2025-06-08 23:43:09.104656,29
23,2025-05-12 18:32:11.978026,76
24,2024-10-28 02:53:53.062679,41
25,2025-08-01 04:11:00.017963,52
26,2024-09-21 21:45:44.362423,59
27,2025-03-26 01:33:41.796945,98
28,2025-08-05 12:37:55.811182,9
29,2025-07-02 12:58:55.144150,99
30,2024-12-25 21:35:45.025477,30
31,2025-05-04 04:46:40.878801,64
32,2025-07-11 18:43:42.306895,18
33,2025-02-03 00:28:15.832519,49
34,2025-01-08 14:56:29.562217,71
35,2025-02-06 21:03:08.672880,74
36,2024-11-12 08:37:15.621861,4
37,2025-05-14 12:33:19.664234,7
38,2025-03-08 11:17:35.580105,35
39,2025-04-05 14:02:19.020202,21
40,2025-03-30 09:21:42.056627,47
41,2025-03-22 21:56:07.439264,83
42,2025-04-22 09:43:41.317836,28
43,2024-09-09 01:08:48.259027,26
44,2025-01-24 17:03:26.129059,15
45,2024-10-07 00:04:28.578348,10
46,2024-12-05 15:09:49.800314,31
47,2024-10-04 19:09:52.506770,34
48,2025-02-05 15:59:57.666203,45
49,2025-01-29 23:35:47.919190,91
50,2024-10-01 11:22:20.459797,87
51,2025-04-14 20:40:20.056314,61
52,2025-03-07 11:19:21.431541,19
53,2024-09-10 06:06:33.850694,80
54,2025-05-12 10:22:27.453077,94
55,2024-09-29 08:48:49.285569,68
56,2025-01-31 15:46:57.768281,37
57,2024-09-17 20:36:03.793876,97
58,2025-03-24 10:26:38.968297,63
59,2025-02-13 17:47:36.451146,100
60,2025-03-01 00:34:35.315778,88
61,2025-02-16 00:51:57.297816,50
62,2025-07-27 18:39:06.888791,73
63,2025-02-02 13:08:03.835590,81
64,2024-12-27 22:41:46.101719,54
65,2025-01-08 10:15:19.217947,23
66,2024-12-17 23:59:24.205218,67
67,2025-05-04 19:14:04.935896,14
68,2025-01-06 14:53:55.087802,2
69,2025-07-18 16:03:25.581405,55
70,2025-01-19 23:30:10.307871,75
71,2025-01-24 15:46:29.048600,8
72,2025-03-19 08:05:07.004499,1
73,2025-02-06 12:40:52.254240,51
74,2025-08-29 23:04:46.764774,79
75,2025-03-24 02:27:56.142706,89
76,2024-12-18 17:18:49.301795,16
77,2025-08-25 02:23:24.831265,40
78,2025-05-04 15:29:22.137766,17
79,2024-12-05 23:23:46.136337,60
80,2025-04-22 07:25:27.818817,82
81,2025-03-03 06:07:58.950427,77
82,2024-10-10 16:56:07.658865,11
83,2024-09-08 09:10:05.224000,70
84,2024-12-21 15:53:12.748207,43
85,2024-10-09 13:28:00.527363,22
86,2025-03-04 09:53:15.341298,72
87,2025-08-21 18:58:33.398679,66
88,2025-09-02 03:24:34.182432,78
89,2024-11-13 17:32:16.046053,33
90,2025-01-07 14:44:13.779202,85
91,2024-11-10 05:44:31.184473,86
92,2025-03-17 04:38:37.206940,95
93,2025-06-07 02:21:44.354287,69
94,2025-06-04 15:06:55.568862,56
95,2025-08-08 08:11:27.898531,57
96,2024-11-19 05:57:24.587570,62
97,2024-11-29 21:57:10.432624,48
98,2024-11-25 03:30:00.059985,92
99,2025-08-16 19:27:44.128799,32
100,2025-07-30 12:14:21.130957,13
101,2025-06-24 03:59:56.627371,24
102,2025-01-21 15:30:56.517623,42
103,2024-10-14 04:02:55.463942,96
104,2024-12-22 03:04:38.066914,58
105,2025-01-11 02:33:30.027006,6
106,2025-04-11 01:06:54.305535,65
107,2025-02-22 10:41:53.086778,39
108,2025-07-09 22:59:08.054195,46
109,2024-11-15 07:27:14.591831,90
110,2024-11-28 09:45:54.860955,44
111,2025-06-14 23:22:00.623418,20
112,2025-01-07 19:47:57.351921,36
113,2024-12-24 20:24:23.438014,25
114,2025-04-15 19:53:14.727676,12
115,2025-04-26 01:30:33.268633,53
116,2024-10-03 22:07:31.421579,38
117,2024-09-13 23:33:37.180459,5
118,2025-06-05 06:32:01.704445,3
119,2025-09-01 02:35:32.751644,84
120,2025-03-27 21:14:58.616257,27
121,2025-03-05 07:52:18.467387,93
122,2024-12-23 13:30:31.855176,29
123,2025-05-03 08:26:49.060117,76
124,2025-04-21 04:35:43.527806,41
125,2025-05-25 14:19:39.538760,52
126,2025-06-29 14:40:14.052353,59
127,2024-09-23 20:57:21.902984,98
128,2025-01-21 12:09:16.065210,9
129,2025-08-29 16:36:06.879374,99
130,2025-03-24 00:00:25.702664,30
131,2025-01-12 07:24:37.135051,64
132,2025-04-13 01:25:40.117282,18
133,2025-08-26 12:39:49.879820,49
134,2024-11-04 00:54:54.200456,71
135,2025-08-01 06:32:11.756458,74
136,2025-07-19 10:18:39.649773,4
137,2025-04-01 17:33:00.289964,7
138,2025-05-27 11:33:52.661666,35
139,2024-12-24 06:59:34.589600,21
140,2024-10-13 12:10:55.950278,47
141,2025-07-20 23:13:16.706913,83
142,2025-08-30 10:02:22.434886,28
143,2025-02-19 02:25:27.160804,26
144,2025-05-16 23:04:30.292662,15
145,2024-11-07 18:01:13.845803,10
146,2025-03-09 11:52:43.200491,31
147,2025-03-03 22:31:48.358328,34
148,2025-05-07 09:15:56.721789,45
149,2025-01-31 22:09:59.334110,91
150,2024-11-03 08:58:45.542372,87
151,2025-08-05 17:21:41.817125,61
152,2024-11-10 01:40:26.968032,19
153,2025-09-05 11:16:23.164047,80
154,2025-07-18 18:09:21.979601,94
155,2025-05-14 17:18:09.270826,68
156,2025-07-01 07:29:06.570075,37
157,2024-10-22 01:57:58.646525,97
158,2024-10-18 21:30:05.641569,63
159,2025-02-25 17:54:01.314139,100
160,2024-11-02 12:03:35.226758,88
161,2024-10-02 19:04:27.891368,50
162,2025-04-21 22:51:36.470326,73
163,2025-08-25 07:13:00.694003,81
164,2025-03-22 20:11:22.286000,54
165,2025-05-13 17:06:24.889802,23
166,2025-04-15 21:51:58.785576,67
167,2025-06-13 19:09:52.370633,14
168,2025-03-05 10:03:41.630236,2
169,2025-06-19 11:46:03.676247,55
170,2024-09-21 04:58:26.641961,75
171,2024-11-05 05:00:21.353715,8
172,2025-03-29 22:08:43.275516,1
173,2024-12-05 14:53:41.007252,51
174,2024-09-08 12:11:21.600996,79
175,2024-12-24 23:34:39.893421,89
176,2025-08-14 01:38:39.512672,16
177,2025-08-02 01:52:12.083180,40
178,2024-11-21 07:51:17.806340,17
179,2025-06-21 10:48:56.196164,60
180,2025-01-06 00:10:33.890166,82
181,2025-01-30 18:07:10.872604,77
182,2024-12-27 10:49:40.904436,11
183,2025-06-23 14:09:18.038364,70
184,2024-10-01 04:24:58.870613,43
185,2024-10-19 08:25:44.435265,22
186,2025-05-11 03:10:28.285518,72
187,2025-09-06 10:42:25.014862,66
188,2025-05-12 11:43:27.792484,78
189,2025-07-17 02:15:56.989079,33
190,2025-07-28 17:03:26.444672,85
191,2025-02-23 11:01:03.435959,86
192,2025-02-26 23:57:12.624814,95
193,2025-02-11 23:49:08.400852,69
194,2025-03-27 01:30:56.301901,56
195,2025-08-05 13:52:35.892707,57
196,2025-03-04 07:39:36.500367,62
197,2025-06-20 05:46:05.186758,48
198,2024-10-19 10:35:45.702593,92
199,2025-03-02 16:57:56.149392,32
200,2025-08-23 22:25:51.637941,13
201,2024-10-08 17:43:39.991233,24
202,2024-09-14 11:57:40.979266,42
203,2024-10-08 10:27:57.175715,96
204,2025-08-08 06:41:42.735781,58
205,2025-02-19 08:11:04.549831,6
206,2025-06-01 05:49:16.633688,65
207,2025-06-01 11:30:14.519390,39
208,2025-02-21 23:48:43.315461,46
209,2025-03-20 00:16:37.435702,90
210,2025-08-04 14:01:51.924205,44
211,2025-02-10 13:55:23.132495,20
212,2025-07-22 06:40:05.221158,36
213,2025-05-25 00:28:17.254442,25
214,2025-08-17 20:57:53.122506,12
215,2024-11-06 13:25:08.134296,53
216,2025-03-11 21:01:45.746671,38
217,2025-07-26 21:25:51.292337,5
218,2025-06-17 14:11:24.664157,3
219,2025-04-24 16:30:04.889308,84
220,2025-06-09 12:43:18.772931,27
221,2024-09-24 18:59:48.687369,93
222,2025-03-13 17:32:55.606121,29
223,2024-09-25 05:31:10.585975,76
224,2025-02-09 04:22:53.005334,41
225,2024-10-06 20:19:56.534679,52
226,2025-02-06 23:21:45.937178,59
227,2025-05-18 03:50:34.567738,98
228,2025-06-29 02:27:08.431097,9
229,2025-02-09 17:27:27.471300,99
230,2025-06-18 19:01:47.018250,30
231,2025-01-01 02:37:35.380632,64
232,2025-07-01 23:16:22.129360,18
233,2025-04-13 04:09:54.380310,49
234,2024-11-01 04:41:54.146088,71
235,2025-05-06 11:45:25.946116,74
236,2025-08-31 19:52:57.683477,4
237,2025-08-30 15:44:38.122925,7
238,2025-04-10 23:02:39.681979,35
239,2025-08-11 08:42:35.988211,21
240,2025-07-14 11:35:36.566683,47
241,2024-12-14 09:07:04.864700,83
242,2025-02-07 13:14:39.876691,28
243,2024-11-13 21:10:21.552103,26
244,2025-05-31 00:35:23.281709,15
245,2024-12-06 00:41:16.082829,10
246,2025-06-18 08:45:47.277691,31
247,2024-12-11 04:44:34.978737,34
248,2024-10-31 05:08:21.620514,45
249,2024-11-16 21:03:49.739079,91
250,2025-03-18 08:56:24.354716,87
251,2025-08-14 02:03:15.541614,61
252,2024-10-20 00:25:33.355563,19
253,2025-08-01 20:36:31.113987,80
254,2024-12-05 03:59:19.005021,94
255,2025-06-27 12:25:51.805628,68
256,2025-09-03 06:00:36.263055,37
257,2024-11-26 15:07:14.986637,97
258,2025-04-02 21:11:02.478231,63
259,2024-12-01 14:44:29.528384,100
260,2025-07-16 19:55:48.802512,88
261,2024-10-16 20:17:24.879034,50
262,2025-08-01 18:17:45.083117,73
263,2025-08-10 12:02:23.544673,81
264,2025-06-04 05:10:51.845778,54
265,2025-01-08 23:36:20.869096,23
266,2025-03-08 13:53:23.693672,67
267,2024-10-31 05:30:22.433569,14
268,2025-03-19 20:56:49.474838,2
269,2025-08-07 22:11:48.706745,55
270,2025-05-13 09:48:30.651680,75
271,2025-04-06 11:43:09.110673,8
272,2025-01-01 16:51:04.650071,1
273,2025-01-17 18:34:30.492061,51
274,2025-02-14 08:38:17.220882,79
275,2025-03-06 21:31:12.615941,89
276,2025-02-21 14:57:08.739515,16
277,2025-03-09 11:47:58.202933,40
278,2025-06-07 12:37:56.090103,17
279,2024-11-10 11:25:33.520993,60
280,2025-05-26 19:39:42.388133,82
281,2025-04-07 10:18:18.808228,77
282,2025-07-26 03:09:05.358133,11
283,2025-01-18 12:04:16.192316,70
284,2025-06-21 21:22:58.407320,43
285,2025-01-19 09:14:17.033395,22
286,2025-08-15 12:08:29.880703,72
287,2025-05-17 15:56:13.157430,66
288,2025-01-24 09:22:48.829870,78
289,2025-03-23 21:18:00.401977,33
290,2024-12-11 08:37:17.786456,85
291,2025-04-09 17:49:04.206560,86
292,2024-10-12 08:52:52.890268,95
293,2025-04-04 22:03:35.846177,69
294,2025-07-11 07:51:50.108017,56
295,2025-01-26 22:46:27.199631,57
296,2025-07-27 07:17:59.813387,62
297,2025-01-31 13:31:52.520601,48
298,2025-02-08 15:20:49.172958,92
299,2025-08-02 07:01:28.859268,32
300,2025-08-09 03:09:44.094605,13
301,2025-06-06 06:10:36.687402,24
302,2025-07-28 17:18:20.467671,42
303,2024-10-13 04:30:47.893247,96
304,2024-09-14 05:35:38.748736,58
305,2025-06-20 09:56:00.226654,6
306,2025-08-20 00:17:03.606854,65
307,2024-10-02 12:29:15.462784,39
308,2025-03-15 09:33:24.734583,46
309,2025-04-26 05:23:51.424855,90
310,2025-05-29 03:45:06.192686,44
311,2025-04-07 16:22:32.118104,20
312,2025-01-07 19:55:07.957002,36
313,2025-03-28 20:54:30.098034,25
314,2024-12-21 19:54:49.776363,12
315,2024-09-23 08:17:17.846627,53
316,2025-05-16 21:52:23.219231,38
317,2025-03-30 00:42:19.507521,5
318,2025-02-15 08:06:34.739359,3
319,2025-02-28 14:23:25.991561,84
320,2025-06-14 07:12:04.664643,27
321,2025-07-06 19:59:36.583829,93
322,2025-02-06 09:46:12.012268,29
323,2025-03-25 06:19:23.480170,76
324,2024-09-19 08:03:26.996965,41
325,2025-01-16 15:53:50.406436,52
326,2024-10-09 23:27:35.725769,59
327,2024-10-08 03:09:55.137342,98
328,2025-03-20 00:59:56.964301,9
329,2025-07-24 18:09:12.728091,99
330,2025-05-19 04:22:25.510499,30
331,2025-01-18 18:54:46.811546,64
332,2025-01-27 22:10:13.468435,18
333,2024-11-20 15:01:27.485208,49
334,2025-02-02 15:31:02.255939,71
335,2025-06-12 00:30:20.412753,74
336,2024-09-12 18:40:51.209011,4
337,2024-09-21 21:38:33.758631,7
338,2025-07-15 14:44:05.845688,35
339,2025-04-19 06:03:27.723778,21
340,2025-06-23 19:03:42.317127,47
341,2025-08-16 14:43:55.082152,83
342,2024-10-23 01:20:33.728024,28
343,2025-03-09 22:33:09.243392,26
344,2025-03-07 21:09:21.407205,15
345,2025-03-15 16:02:23.298216,10
346,2025-02-05 08:10:27.604443,31
347,2024-09-15 05:08:22.827339,34
348,2025-02-08 22:41:58.375798,45
349,2024-10-24 21:25:57.555335,91
350,2024-11-25 22:49:00.863145,87
351,2025-06-21 13:23:01.053915,61
352,2025-06-03 02:15:32.997321,19
353,2024-10-09 21:16:37.454254,80
354,2025-04-01 16:48:11.186064,94
355,2025-03-16 11:09:09.440803,68
356,2025-08-08 09:28:34.455956,37
357,2025-06-19 06:18:43.243114,97
358,2024-10-05 19:15:55.460629,63
359,2025-02-02 19:47:18.240597,100
360,2025-04-25 11:53:14.017157,88
361,2025-04-16 04:09:29.051783,50
362,2025-07-15 17:32:49.009980,73
363,2025-02-16 15:00:23.402303,81
364,2024-12-08 12:25:39.143307,54
365,2025-06-30 10:13:37.590848,23
366,2024-12-29 12:02:42.845516,67
367,2025-07-14 08:56:54.947520,14
368,2025-07-19 04:47:01.332582,2
369,2025-08-26 20:23:36.398177,55
370,2025-02-01 07:00:19.709516,75
371,2025-04-09 18:13:57.554633,8
372,2025-06-11 22:32:08.351674,1
373,2025-07-10 06:51:06.669021,51
374,2025-07-30 12:19:30.375502,79
375,2025-05-26 21:23:26.347112,89
376,2025-08-24 03:11:35.620290,16
377,2025-01-24 21:52:29.626317,40
378,2025-08-09 23:45:04.534575,17
379,2025-03-13 03:03:39.036875,60
380,2025-09-02 04:15:16.651240,82
381,2025-02-26 08:42:05.206544,77
382,2025-07-21 17:59:14.094646,11
383,2025-07-11 23:40:21.551471,70
384,2025-05-07 01:14:44.948948,43
385,2025-09-04 15:03:39.600423,22
386,2025-06-20 16:46:20.779980,72
387,2025-03-20 19:17:17.086970,66
388,2025-02-05 03:49:23.315251,78
389,2025-05-15 21:29:53.903842,33
390,2025-04-18 11:08:45.915850,85
391,2025-09-05 15:34:58.039463,86
392,2025-04-08 02:18:43.990098,95
393,2024-09-18 15:53:55.204951,69
394,2024-10-10 10:08:37.007325,56
395,2025-09-06 17:53:26.386488,57
396,2024-12-09 12:11:35.824674,62
397,2025-07-18 06:39:58.956915,48
398,2025-06-18 08:36:56.484765,92
399,2024-12-13 12:52:07.695904,32
400,2025-01-13 20:16:29.769141,13
401,2024-10-25 21:40:33.083819,24
402,2024-11-05 22:40:11.328540,42
403,2025-03-27 03:02:49.204755,96
404,2025-02-25 03:00:25.462242,58
405,2025-07-05 21:10:11.760157,6
406,2025-08-19 22:07:31.482726,65
407,2025-08-19 19:16:53.824170,39
408,2024-11-05 12:10:51.013399,46
409,2024-10-04 05:31:26.967623,90
410,2025-02-02 22:20:16.556834,44
411,2025-02-27 21:46:32.139663,20
412,2025-03-15 05:12:45.342998,36
413,2025-07-20 21:20:23.061149,25
414,2025-03-27 13:01:51.529655,12
415,2025-04-27 06:18:42.521626,53
416,2025-01-30 17:11:26.215647,38
417,2024-12-06 23:40:58.094982,5
418,2025-07-19 17:44:25.911361,3
419,2024-10-24 03:38:45.008225,84
420,2025-03-03 22:32:45.763358,27
421,2025-08-18 19:25:36.468294,93
422,2025-03-24 07:44:44.079697,29
423,2025-02-07 23:10:48.475423,76
424,2025-02-14 02:37:47.488415,41
425,2025-06-01 23:30:32.839878,52
426,2024-10-05 16:10:59.599638,59
427,2025-07-06 20:19:34.208936,98
428,2024-12-25 12:17:10.909840,9
429,2025-08-03 02:20:28.164071,99
430,2025-08-11 20:01:39.434416,30
431,2024-11-21 12:26:30.163589,64
432,2024-11-05 12:18:38.186865,18
433,2025-05-25 07:38:08.109838,49
434,2025-06-09 16:39:24.606587,71
435,2024-10-20 14:12:30.387963,74
436,2025-01-12 01:17:37.414279,4
437,2024-11-19 20:37:44.299866,7
438,2024-11-03 01:20:13.536375,35
439,2025-08-28 12:11:34.544168,21
440,2024-12-27 04:03:39.917854,47
441,2025-08-25 04:29:57.305805,83
442,2025-06-13 19:08:44.398384,28
443,2024-12-09 07:31:11.281518,26
444,2025-07-14 07:04:55.325939,15
445,2025-05-20 06:01:21.660590,10
446,2024-11-11 09:03:16.221939,31
447,2024-12-02 23:35:46.809467,34
448,2025-06-01 02:20:06.023101,45
449,2025-04-03 13:32:45.563513,91
450,2025-07-16 14:59:11.970159,87
451,2025-05-24 21:04:13.105751,61
452,2025-02-04 07:29:24.184342,19
453,2025-02-27 18:36:14.498042,80
454,2024-09-15 11:26:12.933054,94
455,2025-08-27 01:38:24.511428,68
456,2024-09-11 01:46:55.837906,37
457,2025-03-28 18:37:20.789656,97
458,2025-01-07 20:08:21.326849,63
459,2025-02-06 03:10:36.936985,100
460,2024-10-29 03:47:27.899951,88
461,2024-10-13 17:23:35.922361,50
462,2024-09-18 13:56:24.746495,73
463,2024-10-02 01:47:45.591961,81
464,2025-04-27 03:04:28.217074,54
465,2025-08-30 05:18:59.617336,23
466,2025-03-21 03:50:27.861041,67
467,2024-11-05 14:31:13.210245,14
468,2024-11-05 14:41:22.243982,2
469,2024-11-16 23:40:15.987449,55
470,2024-10-22 05:21:23.001461,75
471,2025-02-10 07:24:00.637915,8
472,2025-02-26 17:39:56.945134,1
473,2025-05-01 06:33:35.353686,51
474,2024-11-17 22:29:38.264860,79
475,2025-01-01 14:20:15.186717,89
476,2025-07-26 14:38:05.760700,16
477,2025-08-21 17:36:51.329253,40
478,2024-12-03 02:51:55.167468,17
479,2025-06-13 04:41:39.326102,60
480,2025-03-16 17:00:34.025326,82
481,2024-11-27 23:57:55.204017,77
482,2025-02-23 18:16:19.019960,11
483,2025-07-07 13:39:57.244582,70
484,2024-11-13 06:40:57.979012,43
485,2025-06-14 03:07:58.692243,22
486,2025-06-06 21:27:26.945055,72
487,2025-09-05 18:43:07.768792,66
488,2025-09-02 04:42:01.067168,78
489,2024-11-01 03:17:11.371922,33
490,2025-03-09 03:57:06.330684,85
491,2024-09-30 21:28:04.360426,86
492,2025-08-20 14:31:23.384349,95
493,2025-04-01 14:52:17.589535,69
494,2025-02-12 07:35:06.919023,56
495,2025-01-02 23:59:51.160614,57
496,2025-03-20 18:37:31.039611,62
497,2024-09-21 02:57:51.148533,48
498,2025-02-06 08:50:16.662191,92
499,2025-03-05 18:47:17.764362,32
500,2025-06-20 21:03:46.074131,13
